{"ll_shape": 18.45867156982422, "ll_rate": 14.6685209274292, "ss_shape": 5.577893257141113, "ss_rate": 3.6897833347320557}