{"ll_shape": 24.74239730834961, "ll_rate": 12.34611701965332, "ss_shape": 4.107712268829346, "ss_rate": 1.78433096408844}