{"ll_shape": 22.288787841796875, "ll_rate": 583.0304565429688, "ss_shape": 2.2722556591033936, "ss_rate": 0.9109723567962646}